Entity,Year,Cantril ladder score,Alcohol_consumption,Depressive_disorders,Anxiety_disorders,Eating_disorders
Afghanistan,2011,4.258,0.008,4.945379,4.715658,0.10716891
Afghanistan,2012,4.04,0.004,4.9445314,4.73926,0.109071545
Afghanistan,2014,3.575,0.004,4.944629,4.7931795,0.11349482
Afghanistan,2015,3.36,0.009,4.9447594,4.810425,0.115101844
Afghanistan,2016,3.794,0.013,4.9370723,4.8155184,0.1166165
Afghanistan,2017,3.632,0.017,4.930936,4.8165836,0.11712369
Afghanistan,2018,3.203,0.016,4.9361405,4.8279133,0.11767915
Afghanistan,2019,2.5669,0.016,4.945168,4.8510346,0.117413975
Albania,2011,5.134,5.58,2.4411948,3.7670379,0.12472777
Albania,2012,5.55,5.37,2.440708,3.7816541,0.12626739
Albania,2014,4.959,5.0,2.4422417,3.8113623,0.12968343
Albania,2015,4.655,5.04,2.4422338,3.8181894,0.13121219
Albania,2016,4.644,5.13,2.441605,3.8151882,0.1328488
Albania,2017,4.586,5.13,2.4435818,3.8113596,0.13404264
Albania,2018,4.719,5.11,2.4494267,3.8191874,0.13548058
Albania,2019,4.8827,5.11,2.4602032,3.8375373,0.1366484
Algeria,2011,5.368,0.44,4.0510716,4.670081,0.20148145
Algeria,2012,5.422,0.48,4.057316,4.6832047,0.20281051
Algeria,2014,5.605,0.56,4.075349,4.7131987,0.20495312
Algeria,2015,6.355,0.58,4.076484,4.7231584,0.20633115
Algeria,2016,5.872,0.6,4.070487,4.730639,0.20858222
Algeria,2017,5.295,0.61,4.0646133,4.737448,0.21053092
Algeria,2018,5.211,0.61,4.085298,4.750126,0.21078427
Algeria,2019,5.0051,0.61,4.1296806,4.771976,0.2106033
Angola,2011,4.178,8.59,5.7490077,3.9788518,0.12578925
Angola,2012,5.589,8.61,5.746097,3.9761403,0.12867904
Angola,2014,4.033,8.32,5.745395,3.9702911,0.13357167
Angola,2015,3.866,7.76,5.747701,3.9686215,0.13496503
Angola,2016,3.795,7.01,5.7518706,3.9672763,0.1359111
Angola,2017,3.795,6.67,5.7563667,3.9651573,0.13628906
Argentina,2011,6.242,8.11,2.4141257,4.8977876,0.3182385
Argentina,2012,6.562,8.4,2.4159813,4.910255,0.3215158
Argentina,2014,6.574,8.63,2.4207559,4.938433,0.3277988
Argentina,2015,6.65,8.57,2.423345,4.949739,0.3300228
Argentina,2016,6.599,8.6,2.4216962,4.9635406,0.3320769
Argentina,2017,6.388,8.34,2.4182243,4.974968,0.33308828
Argentina,2018,6.086,8.04,2.4153662,4.979907,0.33305335
Argentina,2019,5.9747,8.04,2.4075098,4.982973,0.33220056
Armenia,2011,4.474,5.03,2.9046485,3.1495562,0.11584397
Armenia,2012,4.316,4.91,2.9182613,3.150064,0.11758394
Armenia,2014,4.35,4.99,2.9476657,3.151906,0.120462425
Armenia,2015,4.36,4.98,2.9542494,3.151636,0.1219621
Armenia,2016,4.376,4.88,2.955971,3.1497703,0.123195335
Armenia,2017,4.321,4.85,2.9550922,3.147962,0.12421232
Armenia,2018,4.559,4.98,2.9651482,3.1483963,0.12523004
Armenia,2019,4.6768,4.98,2.9836516,3.1505976,0.12600231
Australia,2011,7.345,10.9,4.661994,5.6058693,0.99799436
Australia,2012,7.35,10.72,4.630723,5.5849586,1.0032136
Australia,2014,7.284,10.46,4.56489,5.544875,1.0123483
Australia,2015,7.313,10.39,4.5340767,5.5441623,1.0158271
Australia,2016,7.284,10.25,4.4401946,5.67749,1.0205263
Australia,2017,7.272,10.19,4.3608074,5.812073,1.0254059
Australia,2018,7.228,10.09,4.3602886,5.8207517,1.0284127
Australia,2019,7.2228,10.09,4.382458,5.8151646,1.0316882
Austria,2011,7.227,12.35,3.0925705,5.91934,0.55502725
Austria,2012,7.369,12.34,3.0992143,5.931905,0.5582181
Austria,2014,7.2,12.33,3.1144185,5.9566393,0.5628904
Austria,2015,7.119,12.19,3.117166,5.963028,0.5627958
Austria,2016,7.006,11.93,3.1172068,5.983274,0.5598134
Austria,2017,7.139,11.92,3.1176713,6.0037413,0.55712646
Austria,2018,7.246,11.97,3.120435,6.007505,0.55835485
Austria,2019,7.2942,11.97,3.125201,6.0064344,0.5622296
Azerbaijan,2011,4.582,1.78,2.6735318,2.5329163,0.13130763
Azerbaijan,2012,4.604,1.51,2.68512,2.5264387,0.13466677
Azerbaijan,2014,5.212,1.4,2.710103,2.5114393,0.1402617
Azerbaijan,2015,5.291,1.44,2.7152562,2.5048695,0.14168634
Azerbaijan,2016,5.234,1.46,2.7135832,2.493198,0.14240858
Azerbaijan,2017,5.201,1.59,2.712658,2.482483,0.14302622
Azerbaijan,2018,5.208,1.97,2.725434,2.478925,0.14339092
Azerbaijan,2019,5.1648,1.97,2.7526312,2.4775383,0.1438001
Bahrain,2011,5.568,2.27,4.6143723,4.9203353,0.27338436
Bahrain,2012,5.312,2.14,4.5911293,4.9186068,0.27505082
Bahrain,2014,5.96,2.0,4.5524645,4.909362,0.27849597
Bahrain,2015,6.218,1.89,4.537678,4.9055676,0.2798101
Bahrain,2016,6.087,1.77,4.5223923,4.8906527,0.28314427
Bahrain,2017,6.105,1.65,4.514126,4.8809757,0.2866591
Bahrain,2018,6.199,1.58,4.519821,4.9006104,0.28855082
Bahrain,2019,6.2273,1.58,4.5280886,4.937836,0.2906812
Bangladesh,2011,4.807,0.004,4.5729795,3.1417556,0.09978169
Bangladesh,2012,4.804,0.005,4.5809336,3.1451762,0.10143996
Bangladesh,2014,4.694,0.005,4.5936613,3.1539226,0.10504848
Bangladesh,2015,4.643,0.005,4.599187,3.1569493,0.10699789
Bangladesh,2016,4.608,0.005,4.6036625,3.1587863,0.109776355
Bangladesh,2017,4.5,0.005,4.603344,3.1612337,0.11230933
Bangladesh,2018,4.456,0.005,4.6107364,3.168371,0.11393922
Bangladesh,2019,4.8328,0.005,4.6198096,3.1809232,0.11529978
Belarus,2011,5.566,14.82,3.922725,3.5010548,0.12181314
Belarus,2012,5.504,14.22,3.9135807,3.4986422,0.12428703
Belarus,2014,5.813,11.96,3.8970487,3.4930503,0.12941444
Belarus,2015,5.802,11.04,3.8928354,3.490736,0.13096942
Belarus,2016,5.569,10.55,3.8953915,3.4861212,0.1318798
Belarus,2017,5.483,10.64,3.8943806,3.4813712,0.13296206
Belarus,2018,5.323,10.9,3.870581,3.4809403,0.13347198
Belarus,2019,5.5399,10.9,3.824539,3.4831994,0.1341819
Belgium,2011,7.113,11.32,3.6392348,5.034762,0.42080608
Belgium,2012,6.967,11.33,3.6182528,5.0539336,0.4234204
Belgium,2014,6.937,11.56,3.5673435,5.090465,0.42841125
Belgium,2015,6.929,11.24,3.5513406,5.100454,0.4296135
Belgium,2016,6.891,10.79,3.5443187,5.097948,0.43202114
Belgium,2017,6.927,10.38,3.539347,5.0885506,0.43470827
Belgium,2018,6.923,10.28,3.539191,5.0731163,0.43582413
Belgium,2019,6.8635,10.28,3.5420222,5.04724,0.4368189
Belize,2011,6.451,6.11,3.2525074,4.1159897,0.19155549
Belize,2015,5.956,6.34,3.27551,4.161798,0.19304523
Belize,2016,5.956,6.15,3.2828176,4.1646996,0.19491607
Belize,2017,5.956,5.92,3.2899313,4.166853,0.19614568
Benin,2011,3.493,8.65,4.43529,3.1690829,0.09417102
Benin,2012,3.528,8.82,4.4350095,3.1782382,0.09460626
Benin,2014,3.34,8.45,4.4378557,3.200841,0.09592325
Benin,2015,3.484,8.1,4.4371924,3.2099452,0.09622692
Benin,2016,3.657,7.9,4.4374766,3.2227829,0.0974742
Benin,2017,4.141,8.09,4.4370155,3.2329965,0.09808585
Benin,2018,4.883,8.35,4.4402885,3.2333288,0.09880143
Benin,2019,5.216,8.35,4.447893,3.2288494,0.099465676
Bhutan,2014,5.253,0.57,3.9665084,3.2371137,0.13292147
Bhutan,2015,5.196,0.32,3.9704382,3.242977,0.13500409
Bhutan,2016,5.011,0.18,3.965354,3.2415788,0.13746318
Bhutan,2017,5.082,0.2,3.961275,3.239961,0.13964275
Bhutan,2018,5.082,0.2,3.9831972,3.2490985,0.14166836
Bolivia,2011,5.633,4.52,3.4407985,5.667082,0.2158794
Bolivia,2012,5.857,4.45,3.4351537,5.68776,0.21836287
Bolivia,2014,5.89,4.35,3.4281054,5.728347,0.22369094
Bolivia,2015,5.822,4.31,3.4259856,5.7377477,0.2260501
Bolivia,2016,5.823,4.26,3.425216,5.7332025,0.22895251
Bolivia,2017,5.752,4.19,3.4251728,5.7271137,0.23139873
Bolivia,2018,5.779,4.1,3.4163597,5.7306776,0.23404156
Bolivia,2019,5.7475,4.1,3.3994322,5.7405457,0.23742174
Bosnia and Herzegovina,2011,4.857,5.78,2.7690966,3.5582404,0.1252981
Bosnia and Herzegovina,2012,4.813,5.82,2.7505484,3.5531132,0.12673295
Bosnia and Herzegovina,2014,4.949,5.83,2.7253609,3.5413043,0.12942567
Bosnia and Herzegovina,2015,5.163,5.95,2.7211125,3.537238,0.13051607
Bosnia and Herzegovina,2016,5.182,6.15,2.7212148,3.53214,0.13214958
Bosnia and Herzegovina,2017,5.129,6.33,2.7237337,3.5282176,0.13389814
Bosnia and Herzegovina,2018,5.386,6.38,2.7369013,3.530499,0.13516963
Bosnia and Herzegovina,2019,5.6741,6.38,2.7624497,3.5371947,0.13697994
Botswana,2011,4.581,7.86,4.268684,3.5343707,0.16448495
Botswana,2012,3.97,7.58,4.26005,3.54484,0.16716668
Botswana,2014,4.332,7.01,4.2485414,3.5689175,0.17059982
Botswana,2015,3.974,7.08,4.2436314,3.5766718,0.17265433
Botswana,2016,3.766,7.32,4.2425814,3.5842164,0.1747806
Botswana,2017,3.59,7.61,4.2424793,3.5878482,0.1759335
Botswana,2018,3.488,8.16,4.248441,3.5771,0.17716262
Botswana,2019,3.4789,8.16,4.2572603,3.5533912,0.17784883
Brazil,2011,6.697,8.69,3.9285553,8.370385,0.22251388
Brazil,2012,6.849,8.57,3.8990006,8.088891,0.22528383
Brazil,2014,6.983,8.34,3.853073,7.479013,0.23033057
Brazil,2015,6.952,8.2,3.8358004,7.360401,0.23156287
Brazil,2016,6.635,8.0,3.8155415,7.373152,0.23157497
Brazil,2017,6.419,7.79,3.802968,7.390714,0.23137628
Brazil,2018,6.3,7.67,3.8013446,7.399703,0.2317659
Brazil,2019,6.3756,7.67,3.8015563,7.410114,0.23241082
Bulgaria,2011,3.889,10.87,2.7003644,3.4329734,0.14322583
Bulgaria,2012,3.981,11.03,2.6894946,3.422339,0.14473698
Bulgaria,2014,4.218,11.18,2.676565,3.4013243,0.14818966
Bulgaria,2015,4.217,11.44,2.6727207,3.39465,0.1496691
Bulgaria,2016,4.714,11.65,2.6779902,3.3915794,0.15158065
Bulgaria,2017,4.933,11.85,2.6858947,3.3906965,0.15356614
Bulgaria,2018,5.011,11.92,2.6885443,3.3925362,0.15530984
Bulgaria,2019,5.1015,11.92,2.6916606,3.3973696,0.15696159
Burkina Faso,2011,3.926,8.14,4.363823,3.0832372,0.08571451
Burkina Faso,2012,4.259,8.16,4.4109645,3.0906515,0.0868641
Burkina Faso,2014,3.587,9.16,4.5212684,3.1080475,0.08816015
Burkina Faso,2015,3.739,9.66,4.5452776,3.1145816,0.08918113
Burkina Faso,2016,4.032,9.72,4.5480185,3.1232522,0.09033969
Burkina Faso,2017,4.424,9.76,4.5434217,3.1298168,0.09138091
Burkina Faso,2018,4.587,9.81,4.490059,3.1268334,0.09209199
Burkina Faso,2019,4.7687,9.81,4.378302,3.116734,0.092556745
Burundi,2011,3.678,5.24,4.7415915,3.5440228,0.069363326
Burundi,2012,3.706,4.66,4.7259827,3.5582538,0.06974592
Burundi,2014,2.906,4.34,4.7005296,3.5953188,0.07094682
Burundi,2015,2.905,4.19,4.6951613,3.6089268,0.071419746
Burundi,2016,2.905,4.19,4.69608,3.6224823,0.0716356
Burundi,2017,2.905,4.15,4.696396,3.6330798,0.07167876
Burundi,2018,3.775,4.13,4.69953,3.6369815,0.07155357
Burundi,2019,3.7753,4.13,4.705153,3.6385643,0.071074806
Cambodia,2011,4.101,5.4,2.9866965,4.521468,0.073688425
Cambodia,2012,4.067,5.77,2.9800644,4.5353184,0.0747841
Cambodia,2014,3.819,6.55,2.9690957,4.5601954,0.07739578
Cambodia,2015,3.907,7.06,2.9656339,4.566454,0.078898154
Cambodia,2016,4.168,7.61,2.9648023,4.5671954,0.07996954
Cambodia,2017,4.433,8.13,2.9644604,4.5659227,0.08171951
Cambodia,2018,4.7,8.48,2.9594884,4.569771,0.08276531
Cambodia,2019,4.8484,8.48,2.9500995,4.579762,0.08394735
Cameroon,2011,4.376,12.78,4.6212707,3.1870515,0.10564394
Cameroon,2012,4.42,12.98,4.617579,3.1913352,0.10616123
Cameroon,2014,4.252,11.72,4.604289,3.2007647,0.10791998
Cameroon,2015,4.513,10.72,4.6013966,3.203826,0.10874959
Cameroon,2016,4.695,10.41,4.5969257,3.2095976,0.10938865
Cameroon,2017,4.975,10.16,4.594584,3.2144318,0.11081621
Cameroon,2018,5.044,10.1,4.5964036,3.2105591,0.11125524
Cameroon,2019,5.0849,10.1,4.6046395,3.1999922,0.112020984
Canada,2011,7.499,10.17,3.1614926,4.296102,0.4237151
Canada,2012,7.477,10.1,3.186795,4.311892,0.4240799
Canada,2014,7.427,9.95,3.243163,4.3339853,0.42516187
Canada,2015,7.404,9.92,3.2546144,4.3409214,0.42588902
Canada,2016,7.316,9.92,3.251694,4.3487153,0.42759335
Canada,2017,7.328,9.95,3.251631,4.3520355,0.42864105
Canada,2018,7.278,9.9,3.2626557,4.3420477,0.42866212
Canada,2019,7.2321,9.9,3.2904658,4.3206058,0.4285759
Central African Republic,2011,3.568,2.54,5.918759,4.255421,0.07536266
Central African Republic,2012,3.623,2.29,5.9215565,4.2819467,0.074880645
Central African Republic,2014,3.678,1.83,5.9315515,4.3475876,0.073977076
Central African Republic,2016,2.693,2.01,5.9259095,4.4008346,0.072932385
Central African Republic,2017,3.083,2.01,5.915318,4.4210496,0.072328925
Central African Republic,2018,3.083,1.99,5.9180474,4.4199443,0.07213631
Central African Republic,2019,3.4759,1.99,5.9238467,4.405564,0.07151896
Chad,2011,3.919,4.05,5.310459,3.2767909,0.09241715
Chad,2012,4.056,4.25,5.2660036,3.2935884,0.09349807
Chad,2014,3.667,4.55,5.169997,3.3305585,0.095854655
Chad,2015,3.763,4.58,5.1447864,3.3449247,0.097140834
Chad,2016,3.936,4.35,5.1350555,3.361517,0.097895145
Chad,2017,4.301,4.05,5.1269383,3.373495,0.09852846
Chad,2018,4.35,3.73,5.1271005,3.3743734,0.09864158
Chad,2019,4.4227,3.73,5.1334114,3.3696513,0.09834646
Chile,2011,6.128,8.01,3.6592705,5.5728517,0.33186218
Chile,2012,6.587,7.9,3.66596,5.548886,0.33612755
Chile,2014,6.67,8.04,3.681712,5.493733,0.3447797
Chile,2015,6.705,7.75,3.6864562,5.479053,0.34853354
Chile,2016,6.652,7.02,3.6851091,5.462673,0.35351944
Chile,2017,6.476,6.5,3.6783476,5.4476876,0.35693613
Chile,2018,6.444,6.75,3.66562,5.4494305,0.35781848
Chile,2019,6.2285,6.75,3.6435125,5.4619493,0.35876754
China,2011,4.68,6.5,2.7213087,3.2354581,0.091838524
China,2012,4.978,6.92,2.7270303,3.1923788,0.094158985
China,2014,5.14,7.29,2.7424161,3.1112425,0.09926376
China,2015,5.245,7.35,2.746322,3.1001413,0.10212784
China,2016,5.273,7.18,2.743988,3.1556082,0.10640783
China,2017,5.246,6.53,2.7405303,3.213697,0.10991693
China,2018,5.191,5.73,2.7349718,3.2062707,0.11168088
China,2019,5.1239,5.73,2.7240157,3.1641822,0.11261842
Colombia,2011,6.202,5.06,2.2282627,3.997384,0.20143916
Colombia,2012,6.416,5.09,2.2073174,4.0009246,0.20400381
Colombia,2014,6.477,4.98,2.1753545,4.018868,0.20892034
Colombia,2015,6.481,5.02,2.16934,4.033796,0.21147159
Colombia,2016,6.357,5.0,2.185148,4.3549194,0.21546629
Colombia,2017,6.26,5.01,2.2022092,4.6807995,0.2180702
Colombia,2018,6.125,4.92,2.2086709,4.7017093,0.2196955
Colombia,2019,6.1634,4.92,2.2196279,4.701662,0.22084343
Comoros,2011,3.7,0.18,4.1954427,3.44862,0.08767134
Comoros,2012,3.851,0.21,4.202611,3.4640484,0.08776494
Comoros,2014,3.956,0.22,4.2185445,3.5025656,0.088046744
Comoros,2015,3.956,0.2,4.224988,3.5179212,0.08839582
Comoros,2018,3.973,0.25,4.2458158,3.5567057,0.089368254
Comoros,2019,4.2886,0.25,4.2631598,3.554554,0.08927621
Congo,2011,3.82,4.96,5.6981754,3.731926,0.12392339
Congo,2012,4.297,5.1,5.645863,3.7332666,0.12603115
Congo,2014,3.989,5.24,5.552898,3.73712,0.12932003
Congo,2015,4.236,5.67,5.5269456,3.7387137,0.13018452
Congo,2016,4.291,6.12,5.518403,3.745919,0.13048899
Congo,2017,4.559,6.5,5.51326,3.7525582,0.13020673
Congo,2018,4.812,6.4,5.5166264,3.7484298,0.13025643
Congo,2019,5.1944,6.4,5.5257406,3.7367034,0.1295494
Costa Rica,2011,7.251,3.68,3.1881115,4.1086783,0.21957816
Costa Rica,2012,7.257,3.43,3.1913335,4.1277094,0.22147846
Costa Rica,2014,7.226,3.39,3.1998212,4.1671433,0.22530004
Costa Rica,2015,7.087,3.5,3.2036433,4.1796927,0.22738065
Costa Rica,2016,7.079,3.53,3.2071395,4.18692,0.2302679
Costa Rica,2017,7.072,3.55,3.2088234,4.191305,0.23288204
Costa Rica,2018,7.167,3.45,3.2115748,4.193752,0.23521076
Costa Rica,2019,7.1214,3.45,3.2132857,4.195216,0.23688456
Cote d'Ivoire,2011,4.197,2.12,3.8552668,3.192426,0.10353619
Cote d'Ivoire,2014,3.655,2.44,3.9035778,3.227712,0.106224835
Cote d'Ivoire,2015,3.916,2.57,3.9139864,3.2344174,0.10760447
Cote d'Ivoire,2016,4.18,2.65,3.9186869,3.2363596,0.10939135
Cote d'Ivoire,2017,4.671,2.71,3.920523,3.2368672,0.111865394
Cote d'Ivoire,2018,4.944,2.8,3.926919,3.2381794,0.11268992
Cote d'Ivoire,2019,5.2333,2.8,3.9350774,3.2402778,0.11432516
Croatia,2011,5.623,9.42,3.0329254,3.544934,0.16161147
Croatia,2012,5.661,9.32,3.0223985,3.5525165,0.16212529
Croatia,2014,5.759,8.69,3.0046828,3.570098,0.16315871
Croatia,2015,5.488,8.59,2.9999287,3.575285,0.16369322
Croatia,2016,5.293,8.65,3.0040376,3.5780432,0.16471277
Croatia,2017,5.321,8.63,3.0106928,3.5801265,0.16613436
Croatia,2018,5.432,8.54,3.0109425,3.58538,0.1677305
Croatia,2019,5.5047,8.54,3.0076077,3.5950115,0.169517
Cuba,2011,5.418,5.55,3.7638245,4.2069716,0.17751789
Cyprus,2011,6.416,9.07,2.9693859,6.4914937,0.40491813
Cyprus,2012,6.466,8.52,2.9829354,6.50126,0.40384167
Cyprus,2014,5.689,8.01,3.0125203,6.518057,0.40077922
Cyprus,2015,5.546,8.12,3.0200424,6.5200295,0.40038744
Cyprus,2016,5.621,8.09,3.0155115,6.4977756,0.40225446
Cyprus,2017,5.762,8.07,3.0121264,6.4726014,0.4050426
Cyprus,2018,6.046,8.05,3.0430932,6.46673,0.4060882
Cyprus,2019,6.159,8.05,3.1127021,6.4671764,0.40809122
Czechia,2011,6.36,13.13,2.928001,3.1822746,0.18335786
Czechia,2012,6.29,13.08,2.9136982,3.1782794,0.18419945
Czechia,2014,6.505,13.11,2.8871071,3.1688817,0.18563884
Czechia,2015,6.596,13.22,2.8789806,3.1647387,0.18666612
Czechia,2016,6.609,13.2,2.8781762,3.1530337,0.18728484
Czechia,2017,6.711,13.26,2.8795915,3.1426318,0.18837492
Czechia,2018,6.852,13.29,2.8781662,3.1446435,0.18993388
Czechia,2019,6.9109,13.29,2.878852,3.1539073,0.19224705
Democratic Republic of Congo,2011,3.984,2.4,5.4056463,3.8024247,0.06484499
Democratic Republic of Congo,2012,4.578,2.55,5.4118137,3.8075843,0.0658978
Democratic Republic of Congo,2014,4.517,2.58,5.4236436,3.820375,0.069324665
Democratic Republic of Congo,2015,4.272,2.44,5.4288607,3.8244972,0.07080159
Democratic Republic of Congo,2016,4.28,2.28,5.422818,3.8296635,0.072197616
Democratic Republic of Congo,2017,4.245,2.2,5.416341,3.8333197,0.073255114
Democratic Republic of Congo,2018,4.418,2.12,5.425274,3.8279476,0.0742128
Democratic Republic of Congo,2019,4.311,2.12,5.44306,3.8151321,0.074727066
Denmark,2011,7.856,10.11,3.4911556,4.8299036,0.45879945
Denmark,2012,7.693,9.83,3.4912093,4.8479366,0.45912847
Denmark,2014,7.527,9.6,3.494156,4.8869395,0.4597326
Denmark,2015,7.526,9.61,3.4930105,4.896541,0.46083546
Denmark,2016,7.522,9.52,3.4778132,4.893634,0.46320453
Denmark,2017,7.555,9.5,3.4658232,4.8873973,0.46608737
Denmark,2018,7.6,9.4,3.4691179,4.8819747,0.46809715
Denmark,2019,7.6456,9.4,3.4828994,4.873904,0.47125348
Djibouti,2011,4.957,0.67,4.426662,3.2291503,0.10112772
Djibouti,2012,4.69,0.66,4.4285526,3.2355363,0.10220531
Djibouti,2014,4.369,0.59,4.4288054,3.2495174,0.103964254
Dominican Republic,2011,5.036,6.78,3.8736737,4.471896,0.20628425
Dominican Republic,2012,4.963,6.73,3.848534,4.478646,0.20789868
Dominican Republic,2014,4.885,6.59,3.7958152,4.4920454,0.21320459
Dominican Republic,2015,5.155,6.57,3.786363,4.4953833,0.21582673
Dominican Republic,2016,5.23,6.64,3.7861633,4.4905167,0.2196807
Dominican Republic,2017,5.302,6.69,3.787071,4.485532,0.22426602
Dominican Republic,2018,5.425,6.76,3.8003783,4.489796,0.2269934
Dominican Republic,2019,5.6892,6.76,3.8231027,4.50035,0.22997883
Ecuador,2011,5.425,4.19,3.3436587,5.1464357,0.26569536
Ecuador,2012,5.865,4.19,3.341263,5.166718,0.26902258
Ecuador,2014,5.975,4.06,3.3361611,5.2078395,0.27580678
Ecuador,2015,5.976,3.85,3.3338869,5.218065,0.27871346
Ecuador,2016,6.008,3.53,3.33239,5.2148705,0.28207183
Ecuador,2017,5.973,3.3,3.3310006,5.2097163,0.28394884
Ecuador,2018,6.028,3.26,3.3314188,5.215803,0.28395268
Ecuador,2019,5.9252,3.26,3.3306973,5.2311482,0.2837155
Egypt,2011,4.853,0.2,3.7552204,4.5152283,0.18682568
Egypt,2012,4.273,0.19,3.7997007,4.534659,0.18861686
Egypt,2014,4.194,0.19,3.89728,4.5628824,0.19202353
Egypt,2015,4.362,0.18,3.917347,4.569759,0.19393303
Egypt,2016,4.735,0.16,3.9158034,4.5637245,0.19560458
Egypt,2017,4.419,0.15,3.9134357,4.555389,0.19755909
Egypt,2018,4.166,0.15,3.9216802,4.5646315,0.19832063
Egypt,2019,4.1514,0.15,3.9397578,4.5883927,0.19892646
El Salvador,2011,5.956,2.68,3.4408638,4.364949,0.18553731
El Salvador,2012,5.809,2.69,3.4341145,4.377914,0.18706387
El Salvador,2014,6.13,2.78,3.4197683,4.4023585,0.18953082
El Salvador,2015,6.068,2.89,3.417986,4.410211,0.19112937
El Salvador,2016,6.003,3.01,3.4224303,4.412546,0.19365184
El Salvador,2017,6.167,3.15,3.4263573,4.412135,0.19585647
El Salvador,2018,6.253,3.28,3.421177,4.4114614,0.19693491
El Salvador,2019,6.3483,3.28,3.4073691,4.4097867,0.19801193
Estonia,2011,5.33,14.73,3.834866,3.4097662,0.16400343
Estonia,2012,5.426,15.45,3.7865093,3.4063754,0.16490607
Estonia,2014,5.429,15.64,3.7084172,3.3984056,0.16834277
Estonia,2015,5.517,15.06,3.6881266,3.3946989,0.1695642
Estonia,2016,5.611,13.92,3.6808605,3.3828745,0.1709759
Estonia,2017,5.739,12.33,3.678187,3.3711312,0.17214932
Estonia,2018,5.893,11.26,3.6818743,3.3715444,0.17358734
Estonia,2019,6.0218,11.26,3.6936426,3.3788164,0.1751613
Eswatini,2012,4.867,7.61,4.445789,3.4973028,0.14657716
Eswatini,2014,4.867,8.03,4.4355483,3.5126197,0.14842162
Eswatini,2018,4.212,8.09,4.4340963,3.5194218,0.15053543
Eswatini,2019,4.3081,8.09,4.4255295,3.4919646,0.1505392
Ethiopia,2011,4.064,1.81,4.7149568,3.3588135,0.06929941
Ethiopia,2012,4.561,1.95,4.679165,3.3754265,0.071328856
Ethiopia,2014,4.512,2.27,4.6169233,3.415956,0.07559467
Ethiopia,2015,4.508,2.52,4.6068287,3.4316795,0.0777818
Ethiopia,2016,4.46,2.77,4.616854,3.449894,0.08039639
Ethiopia,2017,4.35,3.08,4.6273665,3.464343,0.08291164
Ethiopia,2018,4.286,3.36,4.6360044,3.4678712,0.08461001
Ethiopia,2019,4.1862,3.36,4.64972,3.4656384,0.086156204
Finland,2011,7.579,10.5,4.511381,3.9929056,0.47192234
Finland,2012,7.389,10.28,4.406468,4.003368,0.47296742
Finland,2014,7.406,9.66,4.1834965,4.018936,0.47556847
Finland,2015,7.413,9.43,4.13494,4.0213614,0.47577435
Finland,2016,7.469,9.3,4.0870504,4.0089893,0.47623864
Finland,2017,7.632,9.23,4.043471,3.9950688,0.47758844
Finland,2018,7.769,9.16,4.0755067,3.9923728,0.47851437
Finland,2019,7.8087,9.16,4.139295,3.9931211,0.48180753
France,2011,6.746,12.11,4.0445805,6.2596593,0.45611948
France,2012,6.764,11.93,3.9849403,6.2622643,0.45793402
France,2014,6.575,11.73,3.8540428,6.2715583,0.46196046
France,2015,6.478,11.73,3.8268294,6.2737494,0.46403405
France,2016,6.442,11.6,3.8271954,6.273039,0.4659254
France,2017,6.489,11.4,3.8294544,6.2719707,0.46636337
France,2018,6.592,11.3,3.8312697,6.2724633,0.467462
France,2019,6.6638,11.3,3.835741,6.2742558,0.46825343
Gabon,2012,4.114,8.41,5.5612664,3.9432778,0.17637631
Gabon,2014,3.896,8.66,5.5537057,3.960165,0.17893761
Gabon,2015,4.121,8.6,5.550644,3.967308,0.17999405
Gabon,2016,4.465,8.2,5.549269,3.986159,0.18078963
Gabon,2017,4.758,7.69,5.5469394,4.0034146,0.18105756
Gabon,2018,4.799,7.33,5.5475774,4.0003605,0.18180557
Gabon,2019,4.8293,7.33,5.5459714,3.9851205,0.18273167
Gambia,2018,4.516,1.11,5.48953,3.3125021,0.09296786
Gambia,2019,4.7506,1.11,5.5018787,3.3126862,0.09281238
Georgia,2011,3.892,14.99,3.266508,2.5121593,0.112632796
Georgia,2012,4.187,14.67,3.2756429,2.509171,0.11514854
Georgia,2014,4.297,14.02,3.2950292,2.5035746,0.11954058
Georgia,2015,4.252,13.95,3.299392,2.5016437,0.12139977
Georgia,2016,4.286,13.97,3.2960818,2.5032454,0.123153925
Georgia,2017,4.34,13.97,3.292854,2.5048897,0.124370754
Georgia,2018,4.519,14.33,3.3030865,2.5016582,0.12578088
Georgia,2019,4.6726,14.33,3.3233132,2.4950473,0.12736228
Germany,2011,6.572,12.39,3.5028772,6.2050614,0.41205332
Germany,2012,6.672,12.39,3.5033655,6.217795,0.41420493
Germany,2014,6.75,12.23,3.5008144,6.2353673,0.41812757
Germany,2015,6.994,12.15,3.501964,6.2348394,0.420048
Germany,2016,6.951,12.17,3.4886234,6.2234306,0.4225094
Germany,2017,6.965,12.23,3.461354,6.2104564,0.42384422
Germany,2018,6.985,12.22,3.4255924,6.2064977,0.42474633
Germany,2019,7.0758,12.22,3.3767943,6.208145,0.42561316
Ghana,2011,4.705,5.31,4.346295,2.9788384,0.104649305
Ghana,2012,5.091,5.07,4.3478723,2.98622,0.106470056
Ghana,2014,4.633,5.1,4.3502145,3.001409,0.11049566
Ghana,2015,4.276,5.01,4.3536882,3.0056489,0.11243819
Ghana,2016,4.12,4.71,4.352258,3.006121,0.11420724
Ghana,2017,4.657,4.58,4.3550158,3.0051334,0.11601488
Ghana,2018,4.996,4.55,4.358494,3.0035596,0.116874635
Ghana,2019,5.148,4.55,4.3620286,3.0005414,0.117816195
Greece,2011,6.133,8.48,5.4631195,5.6707363,0.4364925
Greece,2012,5.435,8.24,5.264968,5.700089,0.4347287
Greece,2014,4.857,7.77,4.829,5.7621937,0.43019718
Greece,2015,5.033,7.48,4.7407064,5.789596,0.42965356
Greece,2016,5.227,7.34,4.7633934,5.8023725,0.43050185
Greece,2017,5.358,7.28,4.8174276,5.800956,0.4313691
Greece,2018,5.287,7.12,4.907854,5.7951775,0.4310318
Greece,2019,5.515,7.12,5.0422506,5.7790413,0.42984423
Guatemala,2011,6.277,2.0,3.9116497,4.1958985,0.1786809
Guatemala,2012,5.965,1.93,3.8377476,4.2117705,0.17925279
Guatemala,2014,6.123,1.72,3.711947,4.2434835,0.18062517
Guatemala,2015,6.324,1.65,3.6883667,4.2540755,0.1814775
Guatemala,2016,6.454,1.62,3.6958432,4.2629175,0.18345854
Guatemala,2017,6.382,1.62,3.704804,4.268683,0.18568383
Guatemala,2018,6.436,1.63,3.693483,4.2681417,0.18617883
Guatemala,2019,6.3989,1.63,3.6679313,4.263226,0.18659185
Guinea,2011,4.171,0.34,4.3541927,3.3249447,0.087045394
Guinea,2012,3.847,0.36,4.3572865,3.3280475,0.08769651
Guinea,2014,3.656,0.45,4.363553,3.3357828,0.08898354
Guinea,2015,3.607,0.5,4.366143,3.338345,0.08960463
Guinea,2016,3.507,0.49,4.364881,3.3451107,0.09104666
Guinea,2017,3.964,0.47,4.3634853,3.3508053,0.092303365
Guinea,2018,4.534,0.47,4.365908,3.3476272,0.09291104
Guinea,2019,4.9493,0.47,4.3731165,3.3388844,0.09339962
Guyana,2011,5.993,5.83,5.051435,4.347164,0.16987607
Haiti,2011,3.789,2.74,3.6015263,4.513916,0.11912635
Haiti,2012,4.341,2.95,3.6033423,4.538137,0.119475886
Haiti,2014,4.518,3.19,3.6114829,4.5886364,0.1197147
Haiti,2015,4.028,3.22,3.614001,4.60343,0.119706765
Haiti,2016,3.603,3.38,3.6198344,4.60835,0.12031896
Haiti,2017,3.582,3.5,3.6255832,4.6114783,0.12105196
Haiti,2018,3.597,3.45,3.6294103,4.6204476,0.121481515
Haiti,2019,3.7208,3.45,3.6351175,4.635318,0.122097835
High-income countries,2011,6.5150175,9.909922,3.6436322,4.8857584,0.4136251
High-income countries,2012,6.4826856,9.845653,3.636529,4.8491583,0.41198844
High-income countries,2014,6.4886484,9.619166,3.6191218,4.7802787,0.40826386
High-income countries,2015,6.5050097,9.537572,3.6158853,4.767557,0.40845641
High-income countries,2016,6.4956336,9.471726,3.6152415,4.7591414,0.41162083
High-income countries,2017,6.4777813,9.427563,3.6164496,4.7542152,0.41469887
High-income countries,2018,6.4989576,9.399242,3.6251435,4.796592,0.41598982
High-income countries,2019,6.528994,9.398891,3.6410694,4.8858933,0.41672078
Honduras,2011,5.564,3.1,3.1638138,3.996735,0.15817018
Honduras,2012,5.142,3.1,3.1648076,4.0171614,0.15924822
Honduras,2014,4.788,2.91,3.165894,4.058581,0.16068864
Honduras,2015,4.871,2.85,3.1681056,4.0714254,0.16134736
Honduras,2016,5.181,2.94,3.1711934,4.078126,0.16356038
Honduras,2017,5.504,3.06,3.172926,4.081632,0.16528867
Honduras,2018,5.86,3.17,3.1675985,4.0855455,0.165937
Honduras,2019,5.9532,3.17,3.1551142,4.090965,0.167219
Hungary,2011,4.943,10.72,2.8498757,3.4590325,0.17111102
Hungary,2012,4.775,10.72,2.8391707,3.4505904,0.17200856
Hungary,2014,4.8,10.52,2.8276625,3.429955,0.17467797
Hungary,2015,5.145,10.68,2.8250878,3.4221237,0.1756871
Hungary,2016,5.324,10.63,2.832285,3.4109962,0.1772673
Hungary,2017,5.62,10.75,2.8385477,3.4020705,0.17886764
Hungary,2018,5.758,10.6,2.834383,3.402081,0.1810569
Hungary,2019,6.0004,10.6,2.8233702,3.4067228,0.1835278
Iceland,2011,6.888,7.34,2.8840814,5.0819383,0.43261614
Iceland,2012,7.355,7.33,2.8928893,5.09521,0.43440157
Iceland,2014,7.561,7.64,2.9113383,5.118127,0.43664953
Iceland,2015,7.501,7.85,2.9143543,5.1212854,0.4386102
Iceland,2016,7.504,8.07,2.9122322,5.114162,0.44375566
Iceland,2017,7.495,8.08,2.9088686,5.105698,0.44927993
Iceland,2018,7.494,8.07,2.9168875,5.103398,0.45187095
Iceland,2019,7.5045,8.07,2.9365938,5.1037683,0.4541073
India,2011,4.975,4.89,3.7261434,2.9882498,0.1098417
India,2012,4.772,5.02,3.7215197,3.0046105,0.112043165
India,2014,4.565,5.02,3.7199667,3.0310671,0.11678553
India,2015,4.404,4.96,3.7183788,3.039895,0.119307235
India,2016,4.315,4.87,3.7165325,3.0479543,0.122499324
India,2017,4.19,4.87,3.7143855,3.0522227,0.12542169
India,2018,4.015,4.92,3.6963024,3.026323,0.12748422
India,2019,3.5733,4.92,3.6598387,2.9674358,0.12927622
Indonesia,2011,5.159,0.11,2.3542504,3.4699204,0.095612966
Indonesia,2012,5.348,0.11,2.3605955,3.4817266,0.097588986
Indonesia,2014,5.399,0.11,2.3745456,3.506495,0.101814754
Indonesia,2015,5.314,0.11,2.3780065,3.5159678,0.10385733
Indonesia,2016,5.262,0.11,2.3743074,3.5267842,0.106174655
Indonesia,2017,5.093,0.11,2.3713732,3.5356228,0.108205184
Indonesia,2018,5.192,0.11,2.3859227,3.5412912,0.109677225
Indonesia,2019,5.2856,0.11,2.4184713,3.5480037,0.11084955
Iran,2011,5.149,1.46,4.867665,7.440406,0.24285461
Iran,2012,4.643,1.41,4.908095,7.452001,0.2440835
Iran,2014,4.686,0.42,4.980491,7.47176,0.24600758
Iran,2015,4.813,0.44,4.994914,7.478174,0.24717282
Iran,2016,4.692,0.82,4.994278,7.3556523,0.24976061
Iran,2017,4.707,0.97,4.9864845,7.225255,0.25217977
Iran,2018,4.548,0.7,4.9439826,7.229704,0.25325984
Iran,2019,4.6724,0.7,4.860692,7.26808,0.2540833
Iraq,2011,4.882,0.25,3.5425491,5.088612,0.1858655
Iraq,2012,4.817,0.24,3.6516693,5.169151,0.1896378
Iraq,2014,4.677,0.23,3.8977566,5.3397574,0.19726977
Iraq,2015,4.575,0.23,3.9488745,5.372489,0.2003076
Iraq,2016,4.497,0.24,3.9499602,5.349725,0.20368207
Iraq,2017,4.456,0.24,3.9472134,5.32611,0.20604564
Iraq,2018,4.437,0.24,3.943834,5.3278074,0.20743
Iraq,2019,4.7848,0.24,3.9326482,5.33799,0.20871635
Ireland,2011,7.284,12.29,4.1613626,7.1265407,0.41121355
Ireland,2012,7.076,11.93,4.1157265,7.151443,0.41329163
Ireland,2014,6.94,11.49,4.0282927,7.187764,0.41831318
Ireland,2015,6.907,11.71,4.0138073,7.194756,0.42157215
Ireland,2016,6.977,11.76,4.129579,7.1830854,0.43225074
Ireland,2017,6.977,11.85,4.243526,7.164041,0.44323313
Ireland,2018,7.021,11.7,4.241978,7.079152,0.45007327
Ireland,2019,7.0937,11.7,4.2169313,6.9078193,0.45577714
Israel,2011,7.199,3.21,4.434895,3.8193789,0.36184913
Israel,2012,7.301,3.22,4.3490667,3.8111892,0.36451
Israel,2014,7.278,3.03,4.174816,3.7871122,0.37171817
Israel,2015,7.267,2.94,4.133762,3.7767668,0.3747271
Israel,2016,7.213,2.95,4.118203,3.757394,0.37869105
Israel,2017,7.19,2.97,4.1085997,3.7400212,0.38204062
Israel,2018,7.139,3.01,4.113368,3.737234,0.3846552
Israel,2019,7.1286,3.01,4.127255,3.7392616,0.38732913
Italy,2011,6.578,7.57,3.463267,5.495784,0.53435415
Italy,2012,6.021,7.69,3.4741323,5.5252304,0.53432214
Italy,2014,5.948,7.77,3.500165,5.5680614,0.5347384
Italy,2015,5.977,7.68,3.5063431,5.5766687,0.5356096
Italy,2016,5.964,7.61,3.504679,5.5657377,0.5410652
Italy,2017,6.0,7.81,3.5045447,5.552005,0.54644495
Italy,2018,6.223,7.97,3.523299,5.553463,0.54637676
Italy,2019,6.3874,7.97,3.561658,5.5624604,0.54448926
Jamaica,2011,6.208,3.13,2.8801172,4.012322,0.19113456
Jamaica,2012,5.374,3.2,2.9006927,4.0295877,0.1914835
Jamaica,2014,5.709,3.35,2.944377,4.060494,0.19141391
Jamaica,2015,5.51,3.39,2.9564729,4.066767,0.19116345
Jamaica,2016,5.311,3.47,2.9578497,4.058737,0.19235134
Jamaica,2017,5.89,3.55,2.9594014,4.049464,0.19326413
Jamaica,2018,5.89,3.6,2.9948797,4.049934,0.19330949
Jamaica,2019,5.8898,3.6,3.0646706,4.0547247,0.19291341
Japan,2011,6.059,6.77,2.1382244,2.4247406,0.38723958
Japan,2012,6.064,6.8,2.126476,2.3970327,0.38745466
Japan,2014,5.987,6.76,2.1054614,2.3496258,0.3874382
Japan,2015,5.921,6.72,2.1013238,2.3362586,0.38718462
Japan,2016,5.92,6.75,2.100737,2.327684,0.38624644
Japan,2017,5.915,6.72,2.100587,2.3227928,0.38602966
Japan,2018,5.886,6.68,2.1013699,2.3224354,0.38700762
Japan,2019,5.8708,6.68,2.1032803,2.3241255,0.38879964
Jordan,2011,5.706,0.45,4.1253853,4.870866,0.18775168
Jordan,2012,5.414,0.42,4.1127057,4.884522,0.18929096
Jordan,2014,5.192,0.38,4.097118,4.91381,0.19141528
Jordan,2015,5.303,0.37,4.089964,4.9204183,0.19279233
Jordan,2016,5.336,0.34,4.069419,4.914968,0.19304036
Jordan,2017,5.161,0.33,4.0544815,4.9073405,0.19334869
Jordan,2018,4.906,0.31,4.0816226,4.9140077,0.19315206
Jordan,2019,4.6334,0.31,4.15211,4.933855,0.19342121
Kazakhstan,2011,5.594,4.39,3.4315803,2.1142452,0.14736678
Kazakhstan,2012,5.671,4.32,3.4372268,2.1141398,0.15028055
Kazakhstan,2014,5.855,4.25,3.4562953,2.114135,0.15556279
Kazakhstan,2015,5.919,4.17,3.460202,2.1137054,0.15774341
Kazakhstan,2016,5.819,4.19,3.4613476,2.1107426,0.15926217
Kazakhstan,2017,5.79,4.48,3.4616778,2.1078627,0.16055767
Kazakhstan,2018,5.809,4.52,3.454367,2.1097374,0.16161866
Kazakhstan,2019,6.0579,4.52,3.4412057,2.1156304,0.16284963
Kenya,2011,4.18,2.68,4.832282,3.3849387,0.09686433
Kenya,2012,4.403,2.75,4.797361,3.390758,0.09787711
Kenya,2014,4.419,2.8,4.7362394,3.4039814,0.10049914
Kenya,2015,4.356,2.78,4.7195163,3.408533,0.10184317
Kenya,2016,4.553,2.85,4.712241,3.4173293,0.10367717
Kenya,2017,4.41,2.85,4.7104974,3.424974,0.10533412
Kenya,2018,4.509,2.87,4.714397,3.4239264,0.10624562
Kenya,2019,4.583,2.87,4.723163,3.41804,0.106974006
Kuwait,2011,6.574,0.0,3.9482918,4.3723187,0.3477918
Kuwait,2012,6.515,0.0,3.959464,4.4144664,0.3493495
Kuwait,2014,6.295,0.0,3.9838965,4.499783,0.35045528
Kuwait,2015,6.239,0.0,3.993085,4.5273895,0.35114056
Kuwait,2016,6.105,0.0,3.9967496,4.5364184,0.3501386
Kuwait,2017,6.083,0.0,4.00035,4.541724,0.34882754
Kuwait,2018,6.021,0.0,4.02401,4.564112,0.34730032
Kuwait,2019,6.1021,0.0,4.0603004,4.599968,0.34584403
Kyrgyzstan,2011,4.828,6.54,3.4173188,2.0534813,0.086764246
Kyrgyzstan,2012,5.042,6.54,3.4142256,2.055371,0.08787638
Kyrgyzstan,2014,5.286,6.41,3.408539,2.0595846,0.08987303
Kyrgyzstan,2015,5.185,6.17,3.4073129,2.0603633,0.090874285
Kyrgyzstan,2016,5.004,5.73,3.398904,2.0580704,0.09142109
Kyrgyzstan,2017,5.131,5.4,3.3905978,2.0557578,0.092067234
Kyrgyzstan,2018,5.261,4.95,3.3860934,2.0567787,0.092586555
Kyrgyzstan,2019,5.5415,4.95,3.3816984,2.0599196,0.09326466
Laos,2011,5.161,10.7,2.6996043,4.405376,0.083010525
Laos,2012,4.787,10.73,2.7131844,4.4322624,0.085019894
Laos,2014,4.876,11.02,2.7477784,4.4845195,0.08938076
Laos,2015,4.876,11.31,2.7558112,4.5019193,0.091369405
Laos,2017,4.623,11.36,2.7455468,4.5229564,0.09534666
Laos,2018,4.796,11.52,2.744515,4.5403633,0.0972688
Laos,2019,4.8886,11.52,2.7468913,4.5706754,0.09885296
Latvia,2011,4.762,11.07,3.748776,3.7771666,0.15246893
Latvia,2012,5.046,11.19,3.7395191,3.7776363,0.15397505
Latvia,2014,5.098,11.4,3.725428,3.7768476,0.15765508
Latvia,2015,5.56,11.61,3.7204535,3.7754884,0.15891068
Latvia,2016,5.85,12.1,3.7217278,3.7666385,0.1608688
Latvia,2017,5.933,12.7,3.7242355,3.7563806,0.16283536
Latvia,2018,5.94,13.09,3.7331266,3.7515545,0.16410944
Latvia,2019,5.95,13.09,3.7478287,3.748034,0.1660531
Lebanon,2011,5.049,1.75,5.0126934,6.5832686,0.2195352
Lebanon,2012,4.931,1.62,5.00555,6.559372,0.22088593
Lebanon,2014,4.839,1.53,5.0053477,6.530081,0.22272812
Lebanon,2015,5.129,1.53,5.002804,6.525099,0.22409801
Lebanon,2016,5.225,1.52,4.984811,6.5156517,0.22528416
Lebanon,2017,5.199,1.51,4.946852,6.4989395,0.22575013
Lebanon,2018,5.197,1.48,4.83941,6.352847,0.22540215
Lebanon,2019,4.7715,1.48,4.652712,6.0510345,0.224312
Lesotho,2012,4.898,2.98,5.4475436,3.535768,0.10058288
Lesotho,2014,4.898,3.24,5.4649773,3.5668766,0.10318556
Lesotho,2016,3.808,3.38,5.4716644,3.5913162,0.10585134
Lesotho,2017,3.808,4.07,5.472557,3.5993671,0.107039794
Lesotho,2018,3.802,4.54,5.4843674,3.5866354,0.107584424
Lesotho,2019,3.6528,4.54,5.511564,3.5554914,0.10791386
Liberia,2011,4.04,3.78,4.8281674,3.4322069,0.071413025
Liberia,2012,4.196,3.71,4.8342314,3.4471657,0.071984485
Liberia,2014,4.571,3.63,4.8421474,3.4801712,0.074216776
Liberia,2015,3.622,3.63,4.844007,3.4914157,0.07471694
Liberia,2016,3.533,3.68,4.845447,3.501115,0.07568333
Liberia,2017,3.495,3.68,4.847086,3.5078478,0.07598607
Liberia,2018,3.975,3.64,4.7563257,3.5086396,0.07642144
Liberia,2019,4.5579,3.64,4.556289,3.5066519,0.076098874
Libya,2011,5.178,0.007,4.3594904,5.2088246,0.24481522
Libya,2012,5.34,0.008,4.363645,5.228861,0.24028663
Libya,2014,5.754,0.009,4.3749576,5.273986,0.2262655
Libya,2015,5.615,0.011,4.376139,5.2892756,0.21954645
Libya,2016,5.525,0.01,4.3655667,5.2918015,0.21284285
Libya,2017,5.566,0.008,4.356117,5.2910857,0.20666143
Libya,2018,5.525,0.008,4.3716516,5.302211,0.20325828
Libya,2019,5.4888,0.008,4.406427,5.324334,0.20108777
Lithuania,2011,5.588,14.66,4.097671,4.3893685,0.15512528
Lithuania,2012,5.426,15.54,4.073483,4.3674273,0.15736163
Lithuania,2014,5.833,14.96,4.026949,4.3166423,0.16214956
Lithuania,2015,5.813,14.17,4.012482,4.3036847,0.16478589
Lithuania,2016,5.902,13.03,4.0095606,4.283735,0.16749556
Lithuania,2017,5.952,12.29,4.0082264,4.2624903,0.16993928
Lithuania,2018,6.149,11.79,4.0025206,4.255839,0.17151488
Lithuania,2019,6.2155,11.79,3.9911947,4.2541876,0.17335068
Low-income countries,2011,4.1820374,2.709484,4.671196,3.6110175,0.08177545
Low-income countries,2012,4.304877,2.7119265,4.659665,3.625562,0.08283041
Low-income countries,2014,4.12312,2.8069725,4.6386766,3.656968,0.08515881
Low-income countries,2015,4.009277,2.8495662,4.636626,3.6673262,0.08617447
Low-income countries,2016,4.0804605,2.8275864,4.6398854,3.67793,0.087403
Low-income countries,2017,4.0602503,2.8435526,4.6439705,3.6863492,0.088451296
Low-income countries,2018,4.0793242,2.8652012,4.651224,3.6870875,0.089229874
Low-income countries,2019,4.093725,2.865847,4.6618643,3.6828394,0.089781515
Lower-middle-income countries,2011,4.891316,4.006364,3.6291625,3.307017,0.111551985
Lower-middle-income countries,2012,4.832062,4.103757,3.6233408,3.318773,0.11341999
Lower-middle-income countries,2014,4.6864657,4.127526,3.6184375,3.3401725,0.11737048
Lower-middle-income countries,2015,4.5799255,4.1073923,3.618356,3.3477213,0.119396426
Lower-middle-income countries,2016,4.5814214,4.0686564,3.6183755,3.3539553,0.121894024
Lower-middle-income countries,2017,4.541306,4.071091,3.618725,3.3583412,0.12415139
Lower-middle-income countries,2018,4.4971952,4.0985355,3.616914,3.3514168,0.12564765
Lower-middle-income countries,2019,4.304053,4.099605,3.6115844,3.3327048,0.12693328
Luxembourg,2011,7.051,12.04,3.2346246,5.3125076,0.5495831
Luxembourg,2012,7.054,11.95,3.226385,5.3124857,0.55233777
Luxembourg,2014,6.946,11.76,3.213686,5.3140073,0.55658114
Luxembourg,2015,6.871,11.71,3.212435,5.3122964,0.5586582
Luxembourg,2016,6.863,11.66,3.2098074,5.2900987,0.56215495
Luxembourg,2017,6.91,11.58,3.210875,5.268558,0.5653662
Luxembourg,2018,7.09,11.53,3.2119503,5.268371,0.566971
Luxembourg,2019,7.2375,11.53,3.2193074,5.2770224,0.5688226
Madagascar,2011,4.309,0.96,4.7282386,3.8781087,0.082443796
Madagascar,2012,3.966,0.93,4.72732,3.89215,0.083343446
Madagascar,2014,3.681,1.01,4.720966,3.925906,0.08390671
Madagascar,2015,3.695,1.01,4.719717,3.9392884,0.0846299
Madagascar,2016,3.644,1.0,4.7171288,3.960613,0.08539277
Madagascar,2017,3.774,1.02,4.719623,3.9780207,0.08567255
Madagascar,2018,3.933,1.02,4.725518,3.9762337,0.086278476
Madagascar,2019,4.1656,1.02,4.737187,3.9632103,0.086541794
Malawi,2011,4.624,3.71,4.0469246,3.7646787,0.07585587
Malawi,2012,4.113,3.71,4.058521,3.778975,0.07690409
Malawi,2014,4.292,3.58,4.0863543,3.8110304,0.0780287
Malawi,2015,4.156,3.37,4.094196,3.8227985,0.07861743
Malawi,2016,3.97,3.19,4.096799,3.839767,0.0787787
Malawi,2017,3.587,3.13,4.097673,3.8535287,0.07898204
Malawi,2018,3.41,3.24,4.097816,3.8533912,0.07931635
Malawi,2019,3.538,3.24,4.100136,3.8456526,0.0793044
Malaysia,2011,5.823,0.62,3.445935,4.5965233,0.13652377
Malaysia,2012,5.76,0.63,3.4948509,4.5961685,0.13831148
Malaysia,2014,5.77,0.63,3.604767,4.591007,0.14107794
Malaysia,2015,6.005,0.65,3.6310363,4.5922904,0.14274836
Malaysia,2016,6.084,0.69,3.630625,4.6002536,0.14482899
Malaysia,2017,6.322,0.73,3.6300676,4.606148,0.14701252
Malaysia,2018,5.339,0.76,3.6410296,4.604654,0.14841418
Malaysia,2019,5.3843,0.76,3.6630948,4.5992527,0.15047508
Maldives,2019,5.1976,1.43,2.9122725,3.5796337,0.1219199
Mali,2011,3.967,4.7,3.43889,2.6480243,0.08877202
Mali,2012,4.247,4.45,3.4532082,2.6598887,0.08915055
Mali,2014,3.995,4.45,3.487501,2.6887765,0.08996971
Mali,2015,4.073,4.59,3.4958656,2.7002258,0.09029133
Mali,2016,4.19,4.49,3.5001907,2.7144477,0.091389395
Mali,2017,4.447,4.38,3.5027382,2.7254133,0.092217825
Mali,2018,4.39,4.35,3.5153913,2.7274408,0.0925209
Mali,2019,4.7293,4.35,3.5413845,2.7260087,0.092865065
Malta,2011,5.96,6.95,2.9820638,6.276601,0.38258132
Malta,2012,5.964,7.15,2.995023,6.2834086,0.38524866
Malta,2014,6.302,7.41,3.027195,6.2975945,0.39305118
Malta,2015,6.488,7.72,3.034439,6.297858,0.3973738
Malta,2016,6.527,8.14,3.031466,6.2660394,0.4044034
Malta,2017,6.627,8.44,3.0303495,6.233048,0.41207325
Malta,2018,6.726,8.52,3.0634034,6.2330823,0.41727132
Malta,2019,6.7728,8.52,3.1311812,6.2475963,0.42228425
Mauritania,2011,4.643,0.0,3.56038,2.7216191,0.10745739
Mauritania,2012,4.758,0.0,3.5776515,2.7246237,0.10830133
Mauritania,2014,4.436,0.0,3.6193888,2.7322915,0.11037303
Mauritania,2015,4.201,0.0,3.6299915,2.735382,0.1114123
Mauritania,2016,4.292,0.0,3.6293273,2.7432876,0.11254433
Mauritania,2017,4.356,0.0,3.6282685,2.750417,0.11336601
Mauritania,2018,4.49,0.0,3.6387846,2.7500813,0.11363023
Mauritania,2019,4.3746,0.0,3.6558447,2.7462342,0.1137088
Mauritius,2011,5.477,7.61,4.023178,3.8565311,0.12592065
Mauritius,2012,5.477,7.59,3.959649,3.8531513,0.12745106
Mauritius,2014,5.477,7.4,3.838286,3.8430538,0.130473
Mauritius,2015,5.648,7.4,3.8136356,3.8378968,0.13203654
Mauritius,2016,5.629,7.4,3.807705,3.820273,0.13465723
Mauritius,2017,5.891,7.52,3.8038397,3.803891,0.13683778
Mauritius,2018,5.888,7.52,3.8045406,3.8049724,0.13831872
Mauritius,2019,6.1013,7.52,3.8047628,3.8150282,0.13929899
Mexico,2011,6.74,5.05,3.500861,3.652675,0.23843527
Mexico,2012,7.088,4.92,3.5144846,3.61244,0.23817073
Mexico,2014,7.187,4.98,3.5309756,3.5272696,0.23748134
Mexico,2015,6.778,5.15,3.533733,3.5079157,0.23766066
Mexico,2016,6.578,5.38,3.5330222,3.5043697,0.23892775
Mexico,2017,6.488,5.54,3.5321167,3.50363,0.24041297
Mexico,2018,6.595,5.72,3.5332587,3.5065103,0.24104139
Mexico,2019,6.465,5.72,3.5358298,3.5132816,0.24183847
Moldova,2011,5.305,12.0,3.2462409,4.0925145,0.098636076
Moldova,2012,5.791,12.44,3.2424574,4.093849,0.100388475
Moldova,2014,5.889,11.8,3.2341154,4.0958242,0.10367582
Moldova,2015,5.897,11.35,3.231198,4.095845,0.10481612
Moldova,2016,5.838,11.24,3.2340887,4.088228,0.105834305
Moldova,2017,5.64,11.33,3.2389572,4.079621,0.10678463
Moldova,2018,5.529,11.36,3.2329297,4.077924,0.10751453
Moldova,2019,5.6075,11.36,3.22074,4.078755,0.10844338
Mongolia,2011,4.562,8.07,4.0157495,1.8826869,0.1141644
Mongolia,2012,4.834,9.62,4.0146494,1.884744,0.11681074
Mongolia,2014,4.874,10.93,4.011499,1.8928206,0.12321242
Mongolia,2015,4.907,9.66,4.0130086,1.8995618,0.12602133
Mongolia,2016,4.955,8.65,4.022192,2.0148997,0.12864566
Mongolia,2017,5.125,8.45,4.0275917,2.132655,0.13051923
Mongolia,2018,5.285,7.93,4.0083795,2.142245,0.13193253
Mongolia,2019,5.4562,7.93,3.9632094,2.1429229,0.13303629
Montenegro,2015,5.161,9.55,2.8116167,3.656462,0.14861059
Montenegro,2019,5.5461,10.34,2.8178656,3.6586478,0.15447724
Morocco,2011,4.793,0.48,5.114696,4.709532,0.17152947
Morocco,2012,4.885,0.47,5.1099906,4.721291,0.17412992
Morocco,2014,5.013,0.43,5.1000834,4.7478967,0.1782542
Morocco,2015,5.151,0.41,5.095763,4.7548194,0.18019903
Morocco,2016,5.235,0.41,5.091625,4.7496805,0.1822642
Morocco,2017,5.254,0.44,5.0866823,4.7444887,0.1845328
Morocco,2018,5.208,0.49,5.0817533,4.7616,0.18587382
Morocco,2019,5.0948,0.49,5.07854,4.7997293,0.18633235
Mozambique,2011,4.693,1.33,4.9560704,3.9714694,0.07619889
Mozambique,2012,4.971,1.42,4.9578342,3.982794,0.07712538
Mozambique,2014,4.971,1.61,4.962463,4.0077205,0.07980947
Mozambique,2016,4.55,1.88,4.955527,4.0256143,0.081799045
Mozambique,2017,4.417,1.97,4.9528794,4.03458,0.08235015
Mozambique,2018,4.466,2.03,4.9651666,4.036481,0.083295986
Mozambique,2019,4.6236,2.03,4.992671,4.035234,0.0839527
Myanmar,2011,5.322,1.23,2.114854,3.8928187,0.07989184
Myanmar,2012,4.439,1.35,2.1289005,3.9012616,0.08177886
Myanmar,2014,4.307,1.52,2.160242,3.91794,0.086007796
Myanmar,2015,4.395,1.62,2.1683154,3.9246993,0.08787822
Myanmar,2016,4.545,1.76,2.1669705,3.9368222,0.09025696
Myanmar,2017,4.308,1.91,2.1634536,3.949501,0.09208394
Myanmar,2018,4.36,2.12,2.1740737,3.960988,0.093856394
Myanmar,2019,4.308,2.12,2.1933033,3.9770174,0.09567405
Namibia,2011,4.886,5.08,3.5308275,3.4762447,0.14817923
Namibia,2015,4.574,6.01,3.5992053,3.518553,0.15585217
Namibia,2016,4.574,6.09,3.5949206,3.5290196,0.15774639
Namibia,2017,4.441,6.09,3.5913155,3.535035,0.15877675
Namibia,2018,4.639,5.93,3.5978198,3.522311,0.15964684
Namibia,2019,4.5711,5.93,3.6164615,3.49189,0.16063276
Nepal,2011,4.474,1.24,5.187441,3.1130345,0.09330864
Nepal,2012,4.156,1.26,5.098653,3.145417,0.09434485
Nepal,2014,4.514,1.18,4.8928704,3.2097268,0.097098924
Nepal,2015,4.793,1.22,4.849969,3.2301276,0.098239794
Nepal,2016,4.962,1.35,4.845588,3.243605,0.10036619
Nepal,2017,4.88,1.34,4.851883,3.253265,0.102126755
Nepal,2018,4.913,1.36,4.868894,3.2634146,0.10295729
Nepal,2019,5.1372,1.36,4.8975983,3.2773163,0.10316985
Netherlands,2011,7.512,10.17,3.530849,6.368941,0.36725083
Netherlands,2012,7.512,9.99,3.5041094,6.547278,0.3706637
Netherlands,2014,7.378,9.5,3.4538138,6.916014,0.37529758
Netherlands,2015,7.339,9.38,3.4438915,6.985626,0.3769006
Netherlands,2016,7.377,9.33,3.4800334,6.862225,0.37853342
Netherlands,2017,7.441,9.34,3.5168493,6.7336164,0.37979293
Netherlands,2018,7.488,9.3,3.5258892,6.7326035,0.38094664
Netherlands,2019,7.4489,9.3,3.5344012,6.7548013,0.38367063
New Zealand,2011,7.372,10.25,3.652685,7.255383,0.57887274
New Zealand,2012,7.221,10.07,3.6709437,7.256376,0.5800334
New Zealand,2014,7.286,9.74,3.7118795,7.261765,0.58308315
New Zealand,2015,7.334,9.69,3.7224247,7.2632656,0.584627
New Zealand,2016,7.314,9.71,3.7232935,7.2546983,0.5929689
New Zealand,2017,7.324,9.85,3.7229996,7.2475195,0.6009582
New Zealand,2018,7.307,9.89,3.7241206,7.2523446,0.6026895
New Zealand,2019,7.2996,9.89,3.7238638,7.263469,0.6033723
Nicaragua,2011,5.115,3.85,3.2915576,4.285496,0.15305796
Nicaragua,2012,5.507,3.92,3.283917,4.300191,0.15395269
Nicaragua,2014,5.828,4.03,3.2699616,4.3318067,0.15623362
Nicaragua,2015,5.992,4.11,3.2666008,4.3427973,0.15748787
Nicaragua,2016,6.071,4.23,3.26709,4.353681,0.1601612
Nicaragua,2017,6.141,4.24,3.2662473,4.361744,0.16258672
Nicaragua,2018,6.105,4.17,3.263015,4.364421,0.1640711
Nicaragua,2019,6.1371,4.17,3.2548654,4.3657975,0.16589764
Niger,2011,4.122,0.18,4.186897,2.870956,0.073760256
Niger,2012,4.152,0.18,4.1880054,2.8885303,0.0740883
Niger,2014,3.845,0.18,4.191549,2.9289954,0.07538039
Niger,2015,3.856,0.18,4.193723,2.9460173,0.0760847
Niger,2016,4.028,0.17,4.198507,2.9659634,0.07715284
Niger,2017,4.166,0.15,4.2035556,2.9800065,0.07809827
Niger,2018,4.628,0.13,4.2152705,2.9785042,0.078407474
Niger,2019,4.9096,0.13,4.235215,2.9678462,0.078765206
Nigeria,2011,4.856,3.98,4.1647706,3.1012988,0.117650546
Nigeria,2012,5.248,4.28,4.0479913,3.0722315,0.11998859
Nigeria,2014,5.268,4.39,3.8476372,3.0080006,0.12432711
Nigeria,2015,4.875,4.39,3.81249,2.9940662,0.12606324
Nigeria,2016,5.074,4.35,3.815083,2.9935284,0.12795314
Nigeria,2017,5.155,4.29,3.8198779,2.9942634,0.12924859
Nigeria,2018,5.265,4.21,3.8207672,2.9934886,0.12949328
Nigeria,2019,4.7241,4.21,3.8173978,2.9917774,0.12942946
North Macedonia,2011,4.369,4.34,2.5484896,3.6111996,0.13126087
North Macedonia,2012,4.574,4.34,2.5476944,3.6093988,0.13268857
North Macedonia,2014,5.007,4.31,2.548142,3.605321,0.13589722
North Macedonia,2015,5.121,4.3,2.5494494,3.6026604,0.13722135
North Macedonia,2016,5.175,4.36,2.5496783,3.594225,0.13922976
North Macedonia,2017,5.185,4.48,2.5514817,3.5864341,0.14076634
North Macedonia,2018,5.274,4.62,2.5577798,3.586699,0.14160863
North Macedonia,2019,5.1598,4.62,2.570906,3.5915322,0.14246428
Norway,2011,7.524,7.25,3.0649781,6.8614793,0.44994146
Norway,2012,7.655,7.1,3.0776033,6.834079,0.45120144
Norway,2014,7.522,6.88,3.1207197,6.77282,0.45419383
Norway,2015,7.498,6.83,3.1464283,6.7566686,0.45619804
Norway,2016,7.537,6.81,3.2183096,6.7417626,0.46358582
Norway,2017,7.594,6.81,3.2785075,6.729138,0.47091836
Norway,2018,7.554,6.8,3.2730134,6.729469,0.47322372
Norway,2019,7.488,6.8,3.2382026,6.7358413,0.47473136
Oman,2012,6.853,0.84,3.8870404,4.545586,0.26780123
Oman,2014,6.853,0.79,3.9046297,4.5862274,0.26892596
Pakistan,2011,5.149,0.085,3.8236635,3.4172912,0.110561125
Pakistan,2012,5.292,0.084,3.8215995,3.4260843,0.11173971
Pakistan,2014,5.194,0.089,3.8264847,3.444358,0.11376306
Pakistan,2015,5.132,0.096,3.8279138,3.449933,0.11509705
Pakistan,2016,5.269,0.099,3.8254204,3.4533894,0.117202
Pakistan,2017,5.472,0.1,3.8278644,3.4564939,0.11930539
Pakistan,2018,5.653,0.1,3.8657758,3.4630315,0.12043045
Pakistan,2019,5.6933,0.1,3.9425256,3.474194,0.12147353
Panama,2011,6.863,6.54,2.9397197,3.560821,0.25280872
Panama,2012,7.143,6.57,2.9386625,3.5778873,0.25736618
Panama,2014,6.786,6.65,2.9384325,3.6155932,0.2658846
Panama,2015,6.701,6.59,2.9384346,3.629907,0.2695206
Panama,2016,6.452,6.62,2.938605,3.6460195,0.27253687
Panama,2017,6.43,6.57,2.9386287,3.6576738,0.27548108
Panama,2018,6.321,6.6,2.93866,3.659416,0.27858958
Panama,2019,6.3048,6.6,2.9369144,3.6566825,0.28251824
Paraguay,2011,5.398,6.27,3.5896237,6.159831,0.20454471
Paraguay,2012,5.779,6.06,3.623417,6.183371,0.20668787
Paraguay,2014,5.878,5.55,3.696587,6.2390456,0.21133132
Paraguay,2015,5.538,5.41,3.7140288,6.2584696,0.21297961
Paraguay,2016,5.493,5.44,3.7146676,6.276625,0.21302211
Paraguay,2017,5.681,5.53,3.711601,6.29034,0.21251613
Paraguay,2018,5.743,5.6,3.7050068,6.2973714,0.21531403
Paraguay,2019,5.6921,5.6,3.6945765,6.304892,0.21759573
Peru,2011,5.258,8.0,2.1613986,5.4988937,0.29850128
Peru,2012,5.776,8.07,2.1695633,5.5137086,0.29556394
Peru,2014,5.824,7.68,2.192743,5.543982,0.28793097
Peru,2015,5.743,7.55,2.1977386,5.5514746,0.28687468
Peru,2016,5.715,7.55,2.19876,5.5492983,0.28859085
Peru,2017,5.663,7.53,2.200861,5.544992,0.2909216
Peru,2018,5.697,7.45,2.2051303,5.5464654,0.2929688
Peru,2019,5.7968,7.45,2.2116694,5.551791,0.29595372
Philippines,2011,4.825,6.33,2.7503269,4.53881,0.09282775
Philippines,2012,4.985,6.17,2.7530975,4.541696,0.09392222
Philippines,2014,5.073,5.84,2.7577374,4.54598,0.09659156
Philippines,2015,5.279,5.85,2.7582357,4.546857,0.09801375
Philippines,2016,5.43,5.9,2.7569807,4.5470963,0.09989991
Philippines,2017,5.524,6.04,2.7566988,4.5474305,0.10179992
Philippines,2018,5.631,6.18,2.763898,4.552434,0.1032403
Philippines,2019,6.006,6.18,2.779254,4.563437,0.10456553
Poland,2011,5.803,11.29,2.1224542,3.1162906,0.16778192
Poland,2012,5.822,11.48,2.118935,3.1121585,0.17050603
Poland,2014,5.791,11.58,2.11352,3.1019056,0.17553602
Poland,2015,5.835,11.46,2.1118062,3.0975196,0.17776369
Poland,2016,5.973,11.47,2.1114995,3.0851579,0.18004344
Poland,2017,6.123,11.5,2.1144452,3.0739503,0.18200578
Poland,2018,6.182,11.63,2.1671112,3.0749567,0.18387282
Poland,2019,6.1863,11.63,2.2779574,3.082497,0.18609495
Portugal,2011,5.327,10.86,4.764278,7.9884386,0.40570438
Portugal,2012,5.101,10.33,4.635066,7.959323,0.40678427
Portugal,2014,5.102,10.29,4.353216,7.8983483,0.40972131
Portugal,2015,5.123,10.54,4.29289,7.8879485,0.41112322
Portugal,2016,5.195,10.55,4.329962,7.933356,0.4146451
Portugal,2017,5.41,10.44,4.3763237,7.9895625,0.41807154
Portugal,2018,5.693,10.45,4.3857136,8.012169,0.42035228
Portugal,2019,5.9109,10.45,4.3940663,8.02761,0.42184258
Qatar,2011,6.569,1.16,3.9466424,4.201815,0.33640116
Qatar,2012,6.666,1.14,3.9364865,4.209256,0.33817598
Qatar,2014,6.611,1.15,3.920304,4.2333336,0.342324
Qatar,2015,6.375,1.17,3.9174216,4.2422414,0.34411168
Qatar,2016,6.375,1.18,3.9136562,4.240043,0.3453544
Qatar,2017,6.374,1.17,3.9126074,4.237298,0.34634855
Qatar,2018,6.374,1.15,3.9245157,4.245882,0.34632927
Romania,2011,5.178,17.32,2.6454294,3.2354736,0.14535205
Romania,2012,5.033,17.18,2.64365,3.2531416,0.1474501
Romania,2014,5.124,16.98,2.6415224,3.2895129,0.15123485
Romania,2015,5.528,16.85,2.640764,3.2939792,0.1526677
Romania,2016,5.825,16.82,2.64304,3.2813609,0.15514188
Romania,2017,5.945,16.92,2.6455603,3.2700632,0.15743588
Romania,2018,6.07,16.99,2.646944,3.27324,0.15966469
Romania,2019,6.1237,16.99,2.6501622,3.2856169,0.16204906
Russia,2011,5.284,13.6,3.0531652,3.1408744,0.14887266
Russia,2012,5.464,13.32,3.0691469,3.1413288,0.15121071
Russia,2014,5.716,12.16,3.1089082,3.1434622,0.15558718
Russia,2015,5.856,11.64,3.1158228,3.143293,0.15740685
Russia,2016,5.963,11.05,3.1153,3.1418722,0.15927324
Russia,2017,5.81,10.72,3.1131277,3.1396313,0.16057414
Russia,2018,5.648,10.42,3.1021059,3.1370676,0.16121347
Russia,2019,5.546,10.42,3.0799155,3.1336958,0.16156821
Rwanda,2011,4.204,1.26,5.088559,3.5632315,0.08309811
Rwanda,2012,3.715,1.25,5.073805,3.5755754,0.08467848
Rwanda,2014,3.465,1.36,5.058595,3.6088026,0.087741956
Rwanda,2015,3.515,1.37,5.054237,3.6238823,0.08905336
Rwanda,2016,3.471,1.36,5.058182,3.6499035,0.09075553
Rwanda,2017,3.408,1.34,5.0666885,3.6708448,0.091615774
Rwanda,2018,3.334,1.88,5.0763636,3.6686664,0.09293908
Rwanda,2019,3.3123,1.88,5.0970206,3.6533618,0.09405708
Saudi Arabia,2011,6.597,0.0,4.1616974,4.4819765,0.26166114
Saudi Arabia,2012,6.48,0.0,4.173484,4.4999495,0.264838
Saudi Arabia,2014,6.411,0.0,4.1890936,4.5350432,0.27054113
Saudi Arabia,2015,6.379,0.0,4.192158,4.543237,0.2728482
Saudi Arabia,2016,6.344,0.0,4.1810503,4.537617,0.27610958
Saudi Arabia,2017,6.371,0.0,4.171316,4.5301,0.27746344
Saudi Arabia,2018,6.375,0.0,4.1837606,4.536592,0.27877355
Saudi Arabia,2019,6.4065,0.0,4.216069,4.5544286,0.27899438
Senegal,2011,4.414,0.4,3.9411235,2.8711972,0.09792456
Senegal,2012,3.959,0.38,3.9590747,2.8758802,0.09857358
Senegal,2014,3.904,0.36,3.9937816,2.8872273,0.099305585
Senegal,2015,4.219,0.37,3.999768,2.8907769,0.09976134
Senegal,2016,4.535,0.39,3.9968534,2.8942425,0.10105647
Senegal,2017,4.631,0.4,3.991513,2.896549,0.101933196
Senegal,2018,4.681,0.41,4.0040107,2.8957472,0.1026303
Senegal,2019,4.9808,0.41,4.0294,2.8934357,0.10354699
Serbia,2015,5.177,7.84,2.8073838,3.3545988,0.13928807
Serbia,2019,5.7782,7.89,2.814907,3.33539,0.14359924
Sierra Leone,2011,3.586,0.35,4.4206114,3.6285887,0.08091493
Sierra Leone,2012,4.318,0.41,4.4172144,3.6347582,0.08252632
Sierra Leone,2014,4.507,0.38,4.41009,3.650083,0.08506771
Sierra Leone,2015,4.635,0.31,4.4049,3.6559048,0.08594697
Sierra Leone,2016,4.709,0.27,4.401088,3.6671956,0.08668121
Sierra Leone,2017,4.571,0.25,4.3985505,3.6765845,0.08682065
Sierra Leone,2018,4.374,0.26,4.397339,3.6738265,0.08681842
Sierra Leone,2019,3.9264,0.26,4.392157,3.6633224,0.08656057
Singapore,2011,6.549,1.99,1.9787933,2.7188978,0.40891522
Singapore,2012,6.546,1.99,1.9686414,2.7139595,0.4146344
Singapore,2014,6.798,1.92,1.9477776,2.7022684,0.42510414
Singapore,2015,6.739,1.91,1.9435817,2.7010484,0.4304964
Singapore,2016,6.572,1.89,1.9546286,2.6995094,0.43828207
Singapore,2017,6.343,1.89,1.966585,2.7036145,0.44648263
Singapore,2018,6.262,1.87,1.980659,2.7074525,0.45098594
Singapore,2019,6.3771,1.87,2.0081315,2.7080863,0.453674
Slovakia,2011,5.657,10.38,2.7322502,3.457906,0.16675645
Slovakia,2012,5.969,10.3,2.7200491,3.4534981,0.16867748
Slovakia,2014,5.995,10.32,2.702602,3.4433794,0.17259449
Slovakia,2015,6.078,10.32,2.6960647,3.4395785,0.17460677
Slovakia,2016,6.098,10.14,2.6932156,3.4296978,0.17710134
Slovakia,2017,6.173,10.07,2.6921725,3.4204469,0.17899124
Slovakia,2018,6.198,10.48,2.692408,3.4206145,0.1810499
Slovakia,2019,6.2806,10.48,2.695262,3.4256656,0.18270175
Slovenia,2011,5.922,11.28,3.198042,3.396629,0.17654982
Slovenia,2012,6.06,11.01,3.170064,3.3948138,0.17746557
Slovenia,2014,5.848,11.27,3.1279106,3.3910072,0.17820108
Slovenia,2015,5.768,11.58,3.1176937,3.3889303,0.17944098
Slovenia,2016,5.758,11.31,3.1237047,3.3792083,0.18036084
Slovenia,2017,5.948,10.81,3.1313162,3.3704271,0.18203017
Slovenia,2018,6.118,10.98,3.1262515,3.3750324,0.18319431
Slovenia,2019,6.3634,10.98,3.1152232,3.3891728,0.1849328
Somalia,2015,5.44,0.0,4.8432784,3.2828972,0.045267213
Somalia,2016,5.151,0.0,4.8463817,3.2818964,0.04552547
Somalia,2017,4.982,0.0,4.8480835,3.2814424,0.04569091
Somalia,2018,4.668,0.0,4.8465858,3.2784734,0.045659933
South Africa,2011,5.101,8.79,4.129126,3.7870722,0.15858875
South Africa,2012,4.963,8.9,4.1539626,3.7895062,0.15985069
South Africa,2014,4.642,8.93,4.2062464,3.7955866,0.162355
South Africa,2015,4.459,8.88,4.2300396,3.7973688,0.1632405
South Africa,2016,4.829,8.8,4.2943344,3.8023183,0.16450869
South Africa,2017,4.724,8.72,4.3467665,3.8060372,0.16544971
South Africa,2018,4.722,8.77,4.3358927,3.799989,0.165294
South Africa,2019,4.8141,8.77,4.298678,3.786144,0.16455814
South Korea,2011,5.643,9.37,2.0921218,3.408517,0.31704602
South Korea,2012,6.267,9.33,2.1055675,3.4424362,0.32138288
South Korea,2014,5.984,8.81,2.12976,3.493538,0.33138984
South Korea,2015,5.835,8.52,2.136813,3.4968655,0.33653268
South Korea,2016,5.838,8.47,2.1219714,3.3655744,0.34217376
South Korea,2017,5.875,8.29,2.1005013,3.234224,0.34597564
South Korea,2018,5.895,8.19,2.0961022,3.2268293,0.34932303
South Korea,2019,5.8724,8.19,2.091181,3.2213244,0.35135385
Spain,2011,6.761,9.0,4.4169974,5.275168,0.5835277
Spain,2012,6.322,8.88,4.459497,5.29284,0.582039
Spain,2014,6.329,9.19,4.524759,5.3172936,0.576135
Spain,2015,6.361,9.94,4.549931,5.3248467,0.57605064
Spain,2016,6.403,10.93,4.5881457,5.3299813,0.58009267
Spain,2017,6.31,10.93,4.6281743,5.331112,0.58482724
Spain,2018,6.354,10.91,4.661225,5.1842403,0.5868674
Spain,2019,6.4009,10.91,4.704455,4.8611727,0.59025174
Sri Lanka,2011,4.26,2.89,2.8281,3.9292452,0.1040396
Sri Lanka,2012,4.151,3.01,2.8334346,3.94189,0.106691584
Sri Lanka,2014,4.271,2.86,2.8516665,3.9685087,0.111072265
Sri Lanka,2015,4.415,2.86,2.8567615,3.979954,0.1134213
Sri Lanka,2016,4.44,2.91,2.859035,3.9985235,0.11520672
Sri Lanka,2017,4.471,2.86,2.8593588,4.0158405,0.117383815
Sri Lanka,2018,4.366,2.83,2.8623793,4.025531,0.11867576
Sri Lanka,2019,4.327,2.83,2.8662298,4.0355477,0.120000996
Sudan,2011,4.424,0.046,4.4160686,4.67703,0.13691369
Sudan,2012,4.401,0.046,4.409163,4.690967,0.13791324
Sudan,2014,4.55,0.19,4.391478,4.720418,0.14080863
Sudan,2015,4.139,0.19,4.3897004,4.7269845,0.14216202
Sudan,2016,4.139,0.002,4.3877373,4.718628,0.14345671
Sudan,2017,4.139,0.002,4.3873577,4.7097893,0.144264
Suriname,2012,6.269,6.17,4.7245193,4.1150036,0.2194073
Suriname,2014,6.269,5.72,4.721392,4.1369367,0.22345048
Suriname,2015,6.269,5.68,4.722758,4.143137,0.22536553
Sweden,2011,7.379,9.72,4.22631,4.7557306,0.47831133
Sweden,2012,7.48,9.66,4.1989436,4.7743897,0.48268986
Sweden,2014,7.364,9.54,4.1359577,4.814231,0.4914327
Sweden,2015,7.291,9.45,4.120638,4.8231792,0.49534827
Sweden,2016,7.284,9.35,4.11966,4.815395,0.50228727
Sweden,2017,7.314,9.33,4.121651,4.804309,0.5089513
Sweden,2018,7.343,9.3,4.1201286,4.7994685,0.511898
Sweden,2019,7.3535,9.3,4.116486,4.795127,0.51417124
Switzerland,2011,7.499,11.21,3.754557,6.8639407,0.49119282
Switzerland,2012,7.65,11.1,3.7400513,6.860276,0.49222958
Switzerland,2014,7.587,10.87,3.7073913,6.846777,0.4922007
Switzerland,2015,7.509,10.69,3.6999056,6.8399982,0.49183723
Switzerland,2016,7.494,10.53,3.7047162,6.817221,0.4904624
Switzerland,2017,7.487,10.36,3.7103853,6.7933817,0.4894723
Switzerland,2018,7.48,10.4,3.7097785,6.78825,0.48961532
Switzerland,2019,7.5599,10.4,3.705447,6.79061,0.4910716
Syria,2011,4.735,0.74,3.9282024,5.396182,0.16490315
Syria,2012,3.892,0.46,3.9527407,5.4464083,0.16572529
Syria,2014,3.006,0.28,4.004641,5.544481,0.1658061
Syria,2015,3.069,0.29,4.0190196,5.5730925,0.16542745
Syria,2016,3.462,0.25,4.0246024,5.577325,0.16390045
Syria,2017,3.462,0.22,4.0250025,5.5742683,0.16194311
Syria,2018,3.462,0.2,4.061715,5.5849195,0.16002867
Tajikistan,2011,4.614,0.72,2.7647972,2.3760438,0.080587156
Tajikistan,2012,4.38,0.76,2.7711563,2.3821778,0.08205194
Tajikistan,2014,4.786,0.86,2.7840016,2.3954835,0.08444307
Tajikistan,2015,4.996,0.89,2.7887883,2.3990412,0.0855128
Tajikistan,2016,5.041,0.91,2.7905498,2.4002106,0.086909756
Tajikistan,2017,5.352,0.89,2.7956195,2.4008846,0.08782365
Tajikistan,2018,5.467,0.87,2.8032863,2.4019766,0.088138014
Tajikistan,2019,5.5557,0.87,2.8172803,2.4035394,0.08860962
Tanzania,2011,3.8,11.8,4.6176267,3.7466023,0.09415571
Tanzania,2012,3.77,11.59,4.6152563,3.763042,0.095528975
Tanzania,2014,3.781,11.7,4.609107,3.8011081,0.09892918
Tanzania,2015,3.666,11.65,4.608593,3.814624,0.10053464
Tanzania,2016,3.349,11.21,4.613131,3.8277,0.10169528
Tanzania,2017,3.303,10.65,4.618619,3.8364716,0.10308309
Tanzania,2018,3.231,10.36,4.6315126,3.8305063,0.104231946
Tanzania,2019,3.4762,10.36,4.651242,3.8125863,0.10528517
Thailand,2011,5.804,7.87,2.8844223,3.336034,0.12136178
Thailand,2012,6.371,8.08,2.878475,3.3432503,0.12291777
Thailand,2014,6.455,8.1,2.8683243,3.3569534,0.12582982
Thailand,2015,6.474,8.16,2.866937,3.3612075,0.12704796
Thailand,2016,6.424,8.28,2.8631024,3.3660066,0.12859704
Thailand,2017,6.072,7.95,2.8585641,3.371346,0.13000895
Thailand,2018,6.008,7.85,2.8551335,3.3815641,0.1308782
Thailand,2019,5.9988,7.85,2.847038,3.399738,0.13236374
Togo,2011,3.007,1.72,4.491665,3.5646505,0.084652014
Togo,2012,2.936,1.73,4.4926524,3.5700402,0.08492339
Togo,2014,2.839,1.8,4.4880877,3.5806038,0.086123124
Togo,2015,3.303,1.72,4.489354,3.583903,0.08660077
Togo,2016,3.495,1.63,4.49213,3.590056,0.0878191
Togo,2017,3.999,1.5,4.495569,3.5949838,0.08892801
Togo,2018,4.085,1.42,4.4976625,3.5949163,0.08941261
Togo,2019,4.1872,1.42,4.5008154,3.592497,0.08961096
Trinidad and Tobago,2011,6.263,6.18,3.7548053,3.7807705,0.27583566
Trinidad and Tobago,2012,6.519,6.2,3.763526,3.7998822,0.27779645
Trinidad and Tobago,2014,6.168,6.27,3.783877,3.840525,0.2809576
Trinidad and Tobago,2015,6.168,6.23,3.7896087,3.8519013,0.28192934
Trinidad and Tobago,2016,6.168,6.12,3.7873437,3.8541481,0.28299674
Trinidad and Tobago,2017,6.192,6.01,3.784234,3.8548582,0.28389093
Trinidad and Tobago,2018,6.192,6.06,3.797564,3.8609302,0.2832332
Trinidad and Tobago,2019,6.1919,6.06,3.82637,3.8713686,0.28171644
Tunisia,2011,5.141,1.66,5.00361,5.028922,0.19576742
Tunisia,2012,4.826,1.72,5.0034966,5.055234,0.19739857
Tunisia,2014,4.739,1.95,5.006803,5.1095867,0.19988675
Tunisia,2015,5.045,2.03,5.004467,5.124069,0.20094365
Tunisia,2016,4.805,2.04,4.9888344,5.11991,0.20297831
Tunisia,2017,4.592,2.02,4.976918,5.113446,0.20400512
Tunisia,2018,4.461,2.01,4.999044,5.1289725,0.20450896
Tunisia,2019,4.3922,2.01,5.049405,5.164141,0.20487007
Turkey,2011,5.234,2.14,4.090324,4.4414186,0.2650534
Turkey,2012,5.345,2.08,4.082614,4.459596,0.26817352
Turkey,2014,5.332,1.95,4.0664144,4.497034,0.27537036
Turkey,2015,5.389,1.9,4.0584426,4.506104,0.2785622
Turkey,2016,5.5,1.84,4.00345,4.495325,0.2836098
Turkey,2017,5.483,1.84,3.9437997,4.4827275,0.28765902
Turkey,2018,5.373,1.82,3.9321594,4.4908495,0.2904809
Turkey,2019,5.1318,1.82,3.9422681,4.513604,0.2917118
Turkmenistan,2011,6.568,3.0,3.063073,2.2900734,0.12639229
Turkmenistan,2012,5.628,3.09,3.061322,2.2994535,0.13036689
Turkmenistan,2014,5.548,3.23,3.0615737,2.3220482,0.13754432
Turkmenistan,2015,5.658,3.2,3.0603309,2.329335,0.14101158
Turkmenistan,2016,5.822,3.16,3.0587754,2.335555,0.14415109
Turkmenistan,2017,5.636,3.05,3.0570462,2.3399537,0.14712538
Turkmenistan,2018,5.247,2.93,3.0551796,2.3412097,0.14969945
Turkmenistan,2019,5.1191,2.93,3.0497415,2.3415134,0.15248261
Uganda,2011,4.313,13.92,6.93185,3.9914687,0.088125736
Uganda,2012,4.443,13.65,6.812852,4.0157523,0.08917101
Uganda,2014,3.931,13.38,6.6171036,4.068051,0.09142555
Uganda,2015,3.739,13.28,6.5792217,4.0859733,0.09254134
Uganda,2016,4.081,12.89,6.5862427,4.1056433,0.09353817
Uganda,2017,4.161,12.58,6.593235,4.118843,0.09447924
Uganda,2018,4.189,12.21,6.5915475,4.1086917,0.09483852
Uganda,2019,4.432,12.21,6.5845194,4.080157,0.09564634
Ukraine,2011,5.089,11.53,4.0276003,3.119328,0.11587107
Ukraine,2012,5.057,11.78,3.9822237,3.1206193,0.116908
Ukraine,2014,4.681,10.65,3.9005053,3.1196063,0.118681595
Ukraine,2015,4.324,9.73,3.8831425,3.1196241,0.11927555
Ukraine,2016,4.096,8.93,3.8882422,3.121358,0.12092872
Ukraine,2017,4.103,8.71,3.895252,3.1236935,0.12112826
Ukraine,2018,4.332,8.7,3.8966324,3.1275187,0.12156914
Ukraine,2019,4.5607,8.7,3.8973033,3.133128,0.121123455
United Arab Emirates,2011,6.977,1.99,3.5232515,4.0810733,0.28906596
United Arab Emirates,2012,7.144,2.04,3.5255594,4.103823,0.28715387
United Arab Emirates,2014,6.901,2.25,3.5380175,4.1588483,0.286457
United Arab Emirates,2015,6.573,2.37,3.54274,4.182391,0.2881755
United Arab Emirates,2016,6.648,2.43,3.5385184,4.179534,0.29155952
United Arab Emirates,2017,6.774,2.43,3.5372822,4.173518,0.29524028
United Arab Emirates,2018,6.825,2.37,3.550178,4.1973176,0.2975765
United Arab Emirates,2019,6.7908,2.37,3.5784907,4.243272,0.30040544
United Kingdom,2011,6.936,10.79,3.9695091,4.495006,0.40921468
United Kingdom,2012,6.883,10.57,4.0222654,4.4904194,0.41036624
United Kingdom,2014,6.867,10.44,4.136073,4.4766536,0.41291305
United Kingdom,2015,6.725,10.52,4.1568666,4.472304,0.41451535
United Kingdom,2016,6.714,10.64,4.1270704,4.458649,0.41880447
United Kingdom,2017,6.814,10.77,4.0961256,4.4451113,0.42277446
United Kingdom,2018,7.054,10.82,4.094036,4.4479036,0.4241379
United Kingdom,2019,7.1645,10.82,4.0975676,4.4602027,0.4250394
United States,2011,7.27,9.39,4.495158,5.6901655,0.45549324
United States,2012,7.082,9.47,4.4685616,5.5317607,0.4452832
United States,2014,7.119,9.47,4.404113,5.232689,0.4229443
United States,2015,7.104,9.49,4.3821406,5.172533,0.41873553
United States,2016,6.993,9.51,4.372808,5.168079,0.42221028
United States,2017,6.886,9.55,4.369103,5.1753254,0.4262121
United States,2018,6.892,9.57,4.369584,5.342051,0.42610255
United States,2019,6.9396,9.57,4.375998,5.6977477,0.42435044
Upper-middle-income countries,2011,5.1886663,5.702947,3.0896294,3.9713686,0.14333577
Upper-middle-income countries,2012,5.401899,5.919726,3.09991,3.9343603,0.14603518
Upper-middle-income countries,2014,5.5044804,6.0161123,3.125157,3.8591423,0.1517429
Upper-middle-income countries,2015,5.5312467,6.016348,3.1331546,3.8520641,0.15460728
Upper-middle-income countries,2016,5.490726,5.8978496,3.1343088,3.8937526,0.15829037
Upper-middle-income countries,2017,5.4132843,5.520949,3.1340878,3.9371734,0.16136906
Upper-middle-income countries,2018,5.366415,5.072589,3.1322966,3.943191,0.16325162
Upper-middle-income countries,2019,5.3535323,5.074964,3.1256948,3.933253,0.16463594
Uruguay,2011,5.898,5.91,2.750582,5.0635824,0.31533954
Uruguay,2012,6.355,5.74,2.7853043,5.086002,0.32114312
Uruguay,2014,6.485,6.0,2.8589888,5.1353183,0.33399767
Uruguay,2015,6.545,6.02,2.872776,5.148032,0.33929032
Uruguay,2016,6.454,5.86,2.8664432,5.143855,0.3440242
Uruguay,2017,6.379,5.53,2.8569884,5.1376667,0.34768173
Uruguay,2018,6.293,5.45,2.8503737,5.1423693,0.35085896
Uruguay,2019,6.4401,5.45,2.840908,5.1539445,0.3535729
Uzbekistan,2011,5.225,1.85,3.1704993,2.017905,0.10009405
Uzbekistan,2012,5.623,1.92,3.1722565,2.0168402,0.10253752
Uzbekistan,2014,6.003,2.39,3.1768477,2.015029,0.10719344
Uzbekistan,2015,5.987,2.55,3.1789303,2.0145924,0.10917571
Uzbekistan,2016,5.971,2.64,3.1748955,2.0155456,0.11108457
Uzbekistan,2017,6.096,2.59,3.1703324,2.0170155,0.11282132
Uzbekistan,2018,6.174,2.6,3.167698,2.0199776,0.114300735
Uzbekistan,2019,6.2576,2.6,3.164448,2.0256548,0.11560703
Venezuela,2011,6.922,7.44,3.1878462,3.846369,0.22101392
Venezuela,2012,7.039,7.26,3.1884494,3.869019,0.22272715
Venezuela,2014,6.81,6.97,3.1917892,3.9201663,0.22560786
Venezuela,2015,6.084,6.05,3.1925762,3.9401329,0.22641376
Venezuela,2016,5.25,4.95,3.1981156,3.964918,0.22487962
Venezuela,2017,4.806,3.72,3.205444,3.98813,0.22301015
Venezuela,2018,4.707,3.02,3.211178,3.997182,0.21922962
Venezuela,2019,5.0532,3.02,3.2147944,3.9995134,0.21330635
Vietnam,2011,5.425,7.81,2.4837527,2.0352054,0.08228772
Vietnam,2012,5.533,8.09,2.4786136,2.1034722,0.0834989
Vietnam,2014,5.36,8.53,2.4728506,2.2538395,0.086964235
Vietnam,2015,5.061,8.85,2.4713755,2.285857,0.088313095
Vietnam,2016,5.074,9.17,2.4714613,2.2829254,0.09016002
Vietnam,2017,5.103,9.31,2.472004,2.2774224,0.09173922
Vietnam,2018,5.175,9.34,2.4725037,2.2799327,0.09341045
Vietnam,2019,5.3535,9.34,2.473061,2.2873394,0.09474524
World,2011,5.2613463,5.8538423,3.4099221,3.811399,0.16367842
World,2012,5.319743,5.9443426,3.4120119,3.7912302,0.1647413
World,2014,5.283811,5.9227586,3.4204633,3.7512484,0.16697127
World,2015,5.2466707,5.8860307,3.4255397,3.7458007,0.1683489
World,2016,5.2268233,5.794768,3.4293563,3.7599669,0.17063996
World,2017,5.1739993,5.6238213,3.4333224,3.7748022,0.17255633
World,2018,5.149798,5.441281,3.43748,3.7786238,0.173436
World,2019,5.079008,5.4300733,3.4400527,3.779522,0.17395177
Yemen,2011,4.454,0.062,4.8937216,4.7900243,0.14271128
Yemen,2012,4.054,0.056,4.89334,4.7877536,0.14264037
Yemen,2014,4.077,0.048,4.8926992,4.7816076,0.14137065
Yemen,2015,3.724,0.04,4.892351,4.7783246,0.14034823
Yemen,2016,3.593,0.031,4.8845677,4.7678404,0.13683735
Yemen,2017,3.355,0.027,4.8744993,4.758836,0.13233401
Yemen,2018,3.38,0.028,4.88021,4.7654386,0.1277444
Yemen,2019,3.5274,0.028,4.8953676,4.7837157,0.12351241
Zambia,2011,4.705,3.34,4.10196,3.8464725,0.10378604
Zambia,2012,5.006,3.39,4.1245127,3.8762853,0.10605475
Zambia,2014,5.129,3.67,4.1814775,3.9424229,0.10982268
Zambia,2015,4.795,3.73,4.1974974,3.9632332,0.111551836
Zambia,2016,4.514,3.75,4.206809,3.9769988,0.113018036
Zambia,2017,4.377,3.83,4.213495,3.984899,0.113849245
Zambia,2018,4.107,3.85,4.216572,3.9814715,0.11429527
Zambia,2019,3.7594,3.85,4.2194896,3.9692068,0.11466904
Zimbabwe,2011,3.978,3.75,3.3425353,3.1835976,0.09171887
Zimbabwe,2012,4.827,3.98,3.3601274,3.1830509,0.09232856
Zimbabwe,2014,4.61,3.92,3.3991144,3.1833606,0.094608024
Zimbabwe,2015,4.193,3.75,3.407624,3.1840122,0.09565246
Zimbabwe,2016,3.875,3.56,3.410755,3.1871476,0.096661605
Zimbabwe,2017,3.692,3.52,3.4119654,3.1884181,0.09732964
Zimbabwe,2018,3.663,3.63,3.406929,3.172111,0.09790856
Zimbabwe,2019,3.2992,3.63,3.3954756,3.1370168,0.09829536
